Exercício,Dedo,Ângulos obtidos
Adução/Abdução,Indicador,
Adução/Abdução,Médio,
Exercício,Dedo,Ângulos obtidos
Adução/Abdução,Indicador,5.37742187117581;4.06278765056298;4.11875080397016;4.63121604115417;
Adução/Abdução,Médio,4.2775036057706;4.22642147616321;4.00985496662884;4.15934773971971;

