Exercício,Dedo,Ângulos obtidos
Adução/Abdução,Indicador,
Adução/Abdução,Médio,
Exercício,Dedo,Ângulos obtidos
Adução/Abdução,Indicador,6.18443730057271;4.01122228508526;4.46580764707958;4.05733715975698;4.0701557169251;
Adução/Abdução,Médio,4.09342531700615;4.03992359295261;4.08916498662991;4.00863364346186;4.04747863573805;

