Exercício,Dedo,Ângulos obtidos
Adução/Abdução,Indicador,
Adução/Abdução,Médio,
Exercício,Dedo,Ângulos obtidos
Adução/Abdução,Indicador,4.01419896682008;4.12877154497736;4.90240784082928;4.02258131624572;4.13128462763517;4.14689843964333;
Adução/Abdução,Médio,4.19362547000238;4.04573651066136;4.16692113863804;

