Exercício,Dedo,Ângulos obtidos
Adução/Abdução,Indicador,
Adução/Abdução,Médio,
Exercício,Dedo,Ângulos obtidos
Adução/Abdução,Indicador,7.52360427934107;4.09935306726712;4.05704730361215;5.65069346339531;5.91423587829969;4.05299059824487;
Adução/Abdução,Médio,4.05839882725655;4.07880743192863;

