Exercício,Dedo,Ângulos obtidos
Adução/Abdução,Indicador,4.28642255191797;4.17415302810737;4.13085774082393;4.12117509417123;4.01746635847336;4.07275332317153;

