Exercício,Dedo,Ângulos obtidos
Adução/Abdução,Indicador,4.04186208596248;4.35810837347018;4.05709554182182;4.12174541495106;4.00173984834704;4.29814913262292;

