Exercício,Dedo,Ângulos obtidos
Adução/Abdução,Indicador,
Exercício,Dedo,Ângulos obtidos
Adução/Abdução,Indicador,4.30702581697598;2.9287735086567;4.91824747596058;2.71915778362644;5.1212044070656;2.79631373277796;

