Exercício,Dedo,Ângulos obtidos
Adução/Abdução,Indicador,4.15388230787532;4.04268597750819;4.02258131624572;4.09012249374753;4.02165625252575;4.03963288303415;

