Exercício,Dedo,Ângulos obtidos
Adução/Abdução,Indicador,
Exercício,Dedo,Ângulos obtidos
Adução/Abdução,Indicador,5.37454209274714;4.47794062402883;4.02734921504053;4.10116818998854;4.0333260572848;4.01809985850125;

