Exercício,Dedo,Ângulos obtidos
Adução/Abdução,Indicador,2.32742446095579;2.52971630240889;2.4641040129637;2.42962735342699;2.18722245242489;2.48380419897251;

