Exercício,Dedo,Ângulos obtidos
Adução/Abdução,Indicador,2.15085873973906;2.28747297806485;2.09816468553241;2.08656617087084;2.08628485246223;2.28918351351751;

