Exercício,Dedo,Ângulos obtidos
Adução/Abdução,Médio,4.01283292902409;4.02554988713113;4.01458914136556;4.12150763899719;

